Security Code,Security Name,Name of Person,Category of person,Type of Securities held Prior to acquisition/Disposed),Number of Securities held Prior to acquisition/Disposed,%   of  Securities held Prior to acquisition/Disposed,Type of Securities Acquired/Disposed/Pledge etc.,Number of Securities Acquired/Disposed/Pledge etc.,Value  of Securities Acquired/Disposed/Pledge etc,Transaction Type ( Buy/Sale/Pledge/Revoke/Invoke),Type of Securities held Post  acquisition/Disposed/Pledge  etc,Number of Securities held Post  acquisition/Disposed/Pledge etc,Post-Transaction % of Shareholding,Date of acquisition of shares/sale of shares/Date of Allotment(From date),Date of acquisition of shares/sale of shares/Date of Allotment( To date  ),Date of Intimation to Company,Mode of Acquisition,Trading in Derivative - Type of Contract,Derivative Contract  Specification,Derivatives - Buy Value (Notional),Derivatives - Buy-Number of Units(Contracts*lot size),Derivatives - Sales Value (Notional),Derivatives - Sales-Number of Units(Contracts * lot size),Exchange on which the Trade was executed,Reported to Exchange
538890,M.K. Exim (India) Ltd,MURLI WADHUMAL DIALANI,Director,Equity Shares,3773893,9.35,Equity Shares,1746,87000.00,Acquisition,Equity,3775639,9.35,19 Feb 2026,19 Feb 2026,21 Feb 2026,Market Purchase,,,,,,,BSE,21 Feb 2026
519152,Vadilal Enterprises Ltd,JAINAA GANDHI,Promoter Group,Equity Shares,0,0.00,Equity Shares,10,10095.00,Acquisition,Equity,10,0.00,18 Feb 2026,18 Feb 2026,20 Feb 2026,Market Purchase,,,,,,,BSE,21 Feb 2026
519156,Vadilal Industries Ltd-$,JAINAA GANDHI,Promoter Group,Equity Shares,0,0.00,Equity Shares,100,4915.00,Acquisition,Equity,100,0.00,18 Feb 2026,18 Feb 2026,20 Feb 2026,Market Purchase,,,,,,,NSE,21 Feb 2026
544248,Mach Conferences And Events Ltd,AMIT BHATIA,Promoter & Director,Equity Shares,13629200,64.79,Equity Shares,3000,351780.00,Acquisition,Equity,13632200,64.80,18 Feb 2026,18 Feb 2026,20 Feb 2026,Market Purchase,,,,,,,BSE,21 Feb 2026
544248,Mach Conferences And Events Ltd,AMIT BHATIA,Promoter & Director,Equity Shares,13632200,64.80,Equity Shares,8400,1014636.00,Acquisition,Equity,13640600,64.84,19 Feb 2026,19 Feb 2026,20 Feb 2026,Market Purchase,,,,,,,BSE,21 Feb 2026
532980,Gokul Refoils & Solvent Ltd,Arjunsinh Rajput,Promoter Group,Equity Shares,1089179,1.10,Equity Shares,12445,488977.00,Acquisition,Equity,1101624,1.11,20 Feb 2026,20 Feb 2026,21 Feb 2026,Market Purchase,,,,,,,NSE,21 Feb 2026
532980,Gokul Refoils & Solvent Ltd,Arjunsinh Rajput,Promoter Group,Equity Shares,1080619,1.09,Equity Shares,8560,336248.00,Acquisition,Equity,1089179,1.10,20 Feb 2026,20 Feb 2026,21 Feb 2026,Market Purchase,,,,,,,BSE,21 Feb 2026
507514,Som Distilleries & Breweries Ltd,DEEPAK ARORA,Promoter,Equity Shares,4572525,2.19,Equity Shares,10000,840775.00,Acquisition,Equity,4582525,2.20,20 Feb 2026,20 Feb 2026,21 Feb 2026,Market Purchase,,,,,,,NSE,21 Feb 2026
544339,Laxmi Dental Ltd,MR. RAJESH VRAJLAL KHAKHAR,Promoter & Director,Equity Shares,9294526,16.91,Equity Shares,12000,2328704.00,Acquisition,Equity,9306526,16.93,20 Feb 2026,20 Feb 2026,21 Feb 2026,Market Purchase,,,,,,,NSE,21 Feb 2026
542020,AKI India Ltd,Mohammad Ajwad,Director,Equity Shares,538,0.00,Equity Shares,3000000,56130000.00,Acquisition,Equity,3000538,2.91,09 Jun 2025,09 Jun 2025,11 Jun 2025,Allotment,,,,,,,NA,21 Feb 2026
543974,Vishnu Prakash R Punglia Ltd,Vijay Punglia,Promoter Group,Equity Shares,5290000,4.24,Equity Shares,1000000,50640000.00,Revoke,Equity,5290000,4.24,11 Feb 2026,11 Feb 2026,20 Feb 2026,Pledge Released,,,,,,,NA,21 Feb 2026
543974,Vishnu Prakash R Punglia Ltd,Anil Punglia,Promoter Group,Equity Shares,4500000,3.61,Equity Shares,1000000,50640000.00,Pledge,Equity,4500000,3.61,11 Feb 2026,11 Feb 2026,20 Feb 2026,Creation Of Pledge,,,,,,,NA,21 Feb 2026
534425,Speciality Restaurants Ltd,Anjan Chatterjee,Promoter & Director,Equity Shares,12339295,25.58,Equity Shares,8595,873994.00,Acquisition,Equity,12347890,25.60,20 Feb 2026,20 Feb 2026,21 Feb 2026,Market Purchase,,,,,,,NSE,21 Feb 2026
534425,Speciality Restaurants Ltd,Anjan Chatterjee,Promoter & Director,Equity Shares,12336809,25.58,Equity Shares,2486,252329.00,Acquisition,Equity,12339295,25.58,19 Feb 2026,19 Feb 2026,20 Feb 2026,Market Purchase,,,,,,,NSE,21 Feb 2026
543861,Udayshivakumar Infra Ltd,Udayshivakumar,Promoter,Equity Shares,36226999,65.44,Equity Shares,66570,1714433.00,Acquisition,Equity,36293569,65.56,19 Feb 2026,19 Feb 2026,20 Feb 2026,Market Purchase,,,,,,,NSE,21 Feb 2026
532290,BLB Ltd,Brij Rattan Bagri,Promoter & Director,Equity Shares,23105827,43.71,Equity Shares,699896,14312873.00,Acquisition,Equity,23805723,45.03,20 Feb 2026,20 Feb 2026,21 Feb 2026,Market Purchase,,,,,,,NSE,21 Feb 2026
512131,Signet Industries Ltd,Mukesh Sangla,Promoter & Director,Equity Shares,1056605,3.59,Equity Shares,3899,187971.00,Acquisition,Equity,1060504,3.60,19 Feb 2026,19 Feb 2026,20 Feb 2026,Market Purchase,,,,,,,NSE,21 Feb 2026
531173,Syschem India Ltd,Ranjan Jain,Promoter & Director,Equity Shares,2840000,6.52,Equity Shares,50000,2582864.00,Disposal,Equity,2790000,6.41,19 Feb 2026,20 Feb 2026,21 Feb 2026,Market Sale,,,,,,,BSE,21 Feb 2026
540425,Shankara Building Products Ltd,THE BALLYGUNGE FAMILY TRUST,Trust,Equity Shares,9000,0.04,Equity Shares,510000,53747441.00,Acquisition,Equity,519000,2.14,20 Feb 2026,20 Feb 2026,21 Feb 2026,Market Purchase,,,,,,,BSE,21 Feb 2026
514354,Premier Polyfilm Ltd,D L MILLAR & CO LTD,Promoter Group,Equity Shares,14047614,13.41,Equity Shares,4738,239222.00,Acquisition,Equity,14052352,13.42,20 Feb 2026,20 Feb 2026,21 Feb 2026,Market Purchase,,,,,,,NSE,21 Feb 2026
530845,Sunshield Chemicals Ltd,Swarna Malhotra,Promoter Group,Equity Shares,49307,0.56,Equity Shares,113,95622.00,Acquisition,Equity,49420,0.56,20 Feb 2026,20 Feb 2026,21 Feb 2026,Market Purchase,,,,,,,BSE,21 Feb 2026
